10	1.9891e+30	0	0	0	0	0	0	0	0	0	3.285e+23	5.8344e+10	0	0	0	47870	0	0	0	0	4.867e+24	1.07712e+11	0	0	0	35020	0	0	0	0	5.972e+24	1.496e+11	0	0	0	29780	0	0	0	0	6.39e+23	2.27392e+11	0	0	0	24130	0	0	0	0	1.898e+27	7.7792e+11	0	0	0	13070	0	0	0	0	5.683e+26	1.43317e+12	0	0	0	9680	0	0	0	0	8.681e+25	2.87531e+12	0	0	0	6800	0	0	0	0	1.024e+26	4.49548e+12	0	0	0	5430	0	0	0	0	7.342e+22	1.49984e+11	0	0	0	30802	0	0	0	0	
10	1.9891e+30	4.62664e+07	8.87726e+06	0	4.45665	0.903222	0	4.49073e+23	1.26946e+23	0	3.285e+23	-5.28578e+10	-2.64173e+10	0	21237.5	-42185.2	0	1.11564e+22	5.57053e+21	0	4.867e+24	1.03505e+11	2.98985e+10	0	-9762.65	33638.5	0	-5.35236e+22	-1.54594e+22	0	5.972e+24	-9.99613e+10	-1.11336e+11	0	22153.1	-19886.1	0	2.34981e+22	2.61852e+22	0	6.39e+23	-1.19919e+11	1.9207e+11	0	-20514.9	-12883.5	0	8.76465e+20	-1.40307e+21	0	1.898e+27	7.34475e+11	2.56513e+11	0	-4303.5	12339.7	0	-3.92911e+23	-1.37294e+23	0	5.683e+26	1.4202e+12	1.9302e+11	0	-1294.33	9593.1	0	-3.65429e+22	-4.93225e+21	0	8.681e+25	2.87209e+12	1.3595e+11	0	-321.911	6792.43	0	-1.39616e+21	-6.5714e+19	0	1.024e+26	4.49416e+12	1.08589e+11	0	-131.673	5428.42	0	-6.74027e+20	-1.61962e+19	0	7.342e+22	-1.0023e+11	-1.11591e+11	0	22879.5	-20656.5	0	4.44158e+20	4.68405e+20	0	
10	1.9891e+30	1.77412e+08	4.51607e+07	0	8.66284	2.9376	0	4.13262e+23	3.43381e+23	0	3.285e+23	3.42012e+10	4.76495e+10	0	-38663.2	27982.7	0	-7.40789e+21	-1.03612e+22	0	4.867e+24	9.12124e+10	5.7458e+10	0	-18764.6	29598.2	0	-4.71797e+22	-2.97501e+22	0	5.972e+24	-1.59899e+10	1.48808e+11	0	-29590.1	-3207.17	0	3.84226e+21	-3.49993e+22	0	6.39e+23	-9.62289e+10	-2.04909e+11	0	21902.9	-10363.7	0	7.0393e+20	1.49635e+21	0	1.898e+27	6.09001e+11	4.84363e+11	0	-8125.57	10230.9	0	-3.25682e+23	-2.59189e+23	0	5.683e+26	1.38156e+12	3.82574e+11	0	-2564.05	9333.77	0	-3.55043e+22	-9.78432e+21	0	8.681e+25	2.86244e+12	2.71596e+11	0	-643.071	6769.72	0	-1.3913e+21	-1.31367e+20	0	1.024e+26	4.49021e+12	2.17116e+11	0	-263.265	5423.67	0	-6.7341e+20	-3.23966e+19	0	7.342e+22	-1.5958e+10	1.49189e+11	0	-30613	-3133.21	0	2.98071e+19	-6.29458e+20	0	
10	1.9891e+30	3.80762e+08	1.36422e+08	0	11.6818	6.09134	0	3.23552e+23	3.75386e+23	0	3.285e+23	-9.95734e+09	-5.77854e+10	0	46799.5	-8011.7	0	2.21546e+21	1.24009e+22	0	4.867e+24	7.18007e+10	8.05184e+10	0	-26298.9	23208.8	0	-3.71187e+22	-4.17708e+22	0	5.972e+24	1.21787e+11	-8.72846e+10	0	17407.1	24175.6	0	-2.86086e+22	2.05404e+22	0	6.39e+23	2.26204e+11	2.68387e+10	0	-2830.38	23966.7	0	-1.6291e+21	-1.92422e+20	0	1.898e+27	4.15533e+11	6.58102e+11	0	-11038.8	6979.65	0	-2.2205e+23	-3.52072e+23	0	5.683e+26	1.31796e+12	5.65251e+11	0	-3785.72	8906.5	0	-3.3819e+22	-1.44597e+22	0	8.681e+25	2.84638e+12	4.06638e+11	0	-962.753	6731.91	0	-1.38335e+21	-1.96836e+20	0	1.024e+26	4.48363e+12	3.25515e+11	0	-394.698	5415.76	0	-6.72403e+20	-4.85968e+19	0	7.342e+22	1.22028e+11	-8.75706e+10	0	18212.4	24848.1	0	-4.86195e+20	4.13507e+20	0	
10	1.9891e+30	6.37011e+08	2.99892e+08	0	13.7007	10.3031	0	1.11252e+23	4.80953e+23	0	3.285e+23	-1.79008e+10	5.61923e+10	0	-45106.5	-14611.1	0	3.95719e+21	-1.19373e+22	0	4.867e+24	4.67717e+10	9.72879e+10	0	-31769.4	14954.6	0	-2.40632e+22	-5.05784e+22	0	5.972e+24	-1.45583e+11	-3.16773e+10	0	6378.66	-29066.5	0	3.43715e+22	7.5935e+21	0	6.39e+23	-1.41214e+11	1.76743e+11	0	-18843.3	-15213.7	0	1.03709e+21	-1.28977e+21	0	1.898e+27	1.75707e+11	7.58338e+11	0	-12717.8	2949.71	0	-9.36107e+22	-4.05611e+23	0	5.683e+26	1.2306e+12	7.37766e+11	0	-4937.25	8319.22	0	-3.15239e+22	-1.88623e+22	0	8.681e+25	2.82394e+12	5.40772e+11	0	-1280.26	6679.05	0	-1.37239e+21	-2.6195e+20	0	1.024e+26	4.47443e+12	4.33725e+11	0	-525.898	5404.69	0	-6.7102e+20	-6.47844e+19	0	7.342e+22	-1.45958e+11	-3.16152e+10	0	6230.56	-30089.7	0	6.23594e+20	5.87194e+19	0	
10	1.9891e+30	9.17023e+08	5.47921e+08	0	14.3482	14.5558	0	2.03693e+22	5.1302e+23	0	3.285e+23	4.14418e+10	-4.16065e+10	0	34279.2	33290.6	0	-8.83745e+21	9.19592e+21	0	4.867e+24	1.80944e+10	1.06426e+11	0	-34725.7	5478.18	0	-8.99659e+21	-5.54309e+22	0	5.972e+24	7.46925e+10	1.30712e+11	0	-25890.5	14699	0	-1.73017e+22	-3.06874e+22	0	6.39e+23	-7.06284e+10	-2.14424e+11	0	22972.9	-7691.14	0	5.21895e+20	1.56809e+21	0	1.898e+27	-8.36622e+10	7.73891e+11	0	-12974.7	-1408.83	0	4.53127e+22	-4.13854e+23	0	5.683e+26	1.12108e+12	8.97027e+11	0	-5997.9	7583.08	0	-2.86627e+22	-2.29063e+22	0	8.681e+25	2.79519e+12	6.737e+11	0	-1594.89	6611.25	0	-1.35847e+21	-3.26535e+20	0	1.024e+26	4.4626e+12	5.41682e+11	0	-656.792	5390.46	0	-6.69269e+20	-8.09439e+19	0	7.342e+22	7.49969e+10	1.30938e+11	0	-26503.3	15532.8	0	-3.7771e+20	-4.98068e+20	0	
10	1.9891e+30	1.19488e+09	8.84178e+08	0	13.3537	18.8603	0	-1.57718e+23	4.29073e+23	0	3.285e+23	-5.49441e+10	1.95378e+10	0	-14982.2	-44748.6	0	1.1825e+22	-3.93119e+21	0	4.867e+24	-1.19589e+10	1.07187e+11	0	-34914.4	-4475.17	0	6.9112e+21	-5.58866e+22	0	5.972e+24	4.86415e+10	-1.4102e+11	0	28248.8	9473.26	0	-1.12772e+22	3.33845e+22	0	6.39e+23	2.22299e+11	5.3936e+10	0	-5630.02	23479.7	0	-1.59554e+21	-3.82688e+20	0	1.898e+27	-3.3357e+11	7.03042e+11	0	-11780.4	-5609.19	0	1.79242e+23	-3.75866e+23	0	5.683e+26	9.91415e+11	1.04019e+12	0	-6948.68	6712.06	0	-2.52903e+22	-2.65158e+22	0	8.681e+25	2.76017e+12	8.05124e+11	0	-1905.98	6528.65	0	-1.34162e+21	-3.90427e+20	0	1.024e+26	4.44816e+12	6.49322e+11	0	-787.307	5373.07	0	-6.6715e+20	-9.70604e+19	0	7.342e+22	4.85526e+10	-1.41385e+11	0	29267.5	9252.76	0	-8.78107e+19	6.1254e+20	0	
10	1.9891e+30	1.44317e+09	1.29938e+09	0	11.3291	22.6906	0	-3.13555e+23	3.95095e+23	0	3.285e+23	5.91724e+10	9.77444e+09	0	-6892.41	47388.8	0	-1.26738e+22	-1.85842e+21	0	4.867e+24	-4.0982e+10	9.94948e+10	0	-32297	-14108	0	2.2391e+22	-5.18363e+22	0	5.972e+24	-1.35937e+11	6.0702e+10	0	-11801.6	-27300.8	0	3.23743e+22	-1.38776e+22	0	6.39e+23	-1.6027e+11	1.59646e+11	0	-16917.3	-17331.3	0	1.18304e+21	-1.15845e+21	0	1.898e+27	-5.46054e+11	5.53723e+11	0	-9267.47	-9181.88	0	2.93235e+23	-2.95832e+23	0	5.683e+26	8.43976e+11	1.16472e+12	0	-7772.74	5722.62	0	-2.14728e+22	-2.96256e+22	0	8.681e+25	2.71898e+12	9.34749e+11	0	-2212.85	6431.42	0	-1.32184e+21	-4.53472e+20	0	1.024e+26	4.43111e+12	7.56584e+11	0	-917.373	5352.55	0	-6.6466e+20	-1.13122e+20	0	7.342e+22	-1.36144e+11	6.10251e+10	0	-12662.7	-27850	0	5.04515e+20	-3.40085e+20	0	
10	1.9891e+30	1.63622e+09	1.78036e+09	0	8.12549	25.3021	0	-3.69467e+23	2.6526e+23	0	3.285e+23	-4.69735e+10	-3.18474e+10	0	27042.8	-38728.4	0	1.02663e+22	7.09976e+21	0	4.867e+24	-6.66317e+10	8.39592e+10	0	-27065.8	-22637.3	0	3.61679e+22	-4.35444e+22	0	5.972e+24	1.37544e+11	6.42995e+10	0	-12441.5	27081.6	0	-3.1985e+22	-1.48652e+22	0	6.39e+23	-4.40202e+10	-2.20229e+11	0	23706.1	-4912.83	0	3.32576e+20	1.61747e+21	0	1.898e+27	-6.97317e+11	3.42644e+11	0	-5715.82	-11726.8	0	3.74525e+23	-1.82623e+23	0	5.683e+26	6.81446e+11	1.26843e+12	0	-8455.7	4633.34	0	-1.72848e+22	-3.21819e+22	0	8.681e+25	2.67169e+12	1.06228e+12	0	-2514.83	6319.77	0	-1.29916e+21	-5.15527e+20	0	1.024e+26	4.41147e+12	8.63403e+11	0	-1046.92	5328.89	0	-6.61794e+20	-1.29117e+20	0	7.342e+22	1.37901e+11	6.41883e+10	0	-12154.4	28087.4	0	-5.94214e+20	-1.18343e+20	0	
10	1.9891e+30	1.75983e+09	2.30471e+09	0	4.17412	26.9244	0	-4.49547e+23	9.2985e+22	0	3.285e+23	2.85821e+10	5.43656e+10	0	-42251.3	22137.7	0	-5.82531e+21	-1.1302e+22	0	4.867e+24	-8.68393e+10	6.18258e+10	0	-19624.1	-29360.8	0	4.70728e+22	-3.16289e+22	0	5.972e+24	-4.26401e+10	-1.4061e+11	0	28441.2	-8791.52	0	1.03292e+22	3.37128e+22	0	6.39e+23	2.15069e+11	8.09321e+10	0	-8363.21	22664.8	0	-1.54014e+21	-5.67626e+20	0	1.898e+27	-7.70389e+11	9.34407e+10	0	-1522.03	-12958.1	0	4.13948e+23	-4.88414e+22	0	5.683e+26	5.06767e+11	1.34952e+12	0	-8985.94	3464.48	0	-1.28076e+22	-3.41427e+22	0	8.681e+25	2.61842e+12	1.18745e+12	0	-2811.25	6193.96	0	-1.2736e+21	-5.76452e+20	0	1.024e+26	4.38924e+12	9.69719e+11	0	-1175.86	5302.12	0	-6.58548e+20	-1.45038e+20	0	7.342e+22	-4.29806e+10	-1.40792e+11	0	28923.1	-9682.73	0	3.02712e+20	5.06283e+20	0	
10	1.9891e+30	1.80369e+09	2.84447e+09	0	0.261412	27.1186	0	-4.71241e+23	-1.80649e+22	0	3.285e+23	-1.46056e+08	-5.59012e+10	0	47501.6	-1215.17	0	4.20671e+20	1.26155e+22	0	4.867e+24	-9.99463e+10	3.48919e+10	0	-10574.1	-33713.9	0	5.41503e+22	-1.70597e+22	0	5.972e+24	-7.5024e+10	1.31277e+11	0	-25549.3	-15258.5	0	1.82409e+22	-3.01825e+22	0	6.39e+23	-1.77509e+11	1.40883e+11	0	-14757.7	-19210.6	0	1.31251e+21	-1.01062e+21	0	1.898e+27	-7.57041e+11	-1.65956e+11	0	2844.54	-12736.3	0	4.06994e+23	9.05464e+22	0	5.683e+26	3.23085e+11	1.40662e+12	0	-9354.77	2237.53	0	-8.12665e+21	-3.54788e+22	0	8.681e+25	2.55928e+12	1.30995e+12	0	-3101.46	6054.26	0	-1.24521e+21	-6.36112e+20	0	1.024e+26	4.36444e+12	1.07547e+12	0	-1304.14	5272.24	0	-6.54919e+20	-1.60877e+20	0	7.342e+22	-7.48947e+10	1.31628e+11	0	-26533.8	-14913.7	0	1.49872e+20	-5.68429e+20	0	
10	1.9891e+30	1.76751e+09	3.37488e+09	0	-3.64315	25.7787	0	-3.76506e+23	-1.79087e+23	0	3.285e+23	-2.45686e+10	5.61062e+10	0	-42532.3	-20870.6	0	5.60671e+21	-1.12307e+22	0	4.867e+24	-1.0487e+11	5.33699e+09	0	-652.689	-35334.8	0	5.67881e+22	-1.04936e+21	0	5.972e+24	1.48587e+11	-2.53392e+10	0	5701.74	29259.5	0	-3.46888e+22	6.61968e+21	0	6.39e+23	-1.73217e+10	-2.22551e+11	0	24104	-2078.66	0	1.38794e+20	1.64425e+21	0	1.898e+27	-6.58727e+11	-4.06447e+11	0	6894.22	-11085.2	0	3.54359e+23	2.19882e+23	0	5.683e+26	1.3369e+11	1.43878e+12	0	-9556.57	974.819	0	-3.32933e+21	-3.61734e+22	0	8.681e+25	2.49441e+12	1.42952e+12	0	-3384.8	5900.96	0	-1.21402e+21	-6.94379e+20	0	1.024e+26	4.33708e+12	1.18059e+12	0	-1431.66	5239.28	0	-6.50908e+20	-1.76627e+20	0	7.342e+22	1.48738e+11	-2.56942e+10	0	6625.83	29670.4	0	-5.03106e+20	2.64886e+20	0	
10	1.9891e+30	1.66323e+09	3.86844e+09	0	-6.8053	23.5296	0	-3.33375e+23	-3.31125e+23	0	3.285e+23	4.78282e+10	-3.1955e+10	0	29131.7	37911.1	0	-1.00889e+22	7.83138e+21	0	4.867e+24	-1.01192e+11	-2.44164e+10	0	9323.15	-34084	0	5.47472e+22	1.50502e+22	0	5.972e+24	-1.17848e+11	-8.62397e+10	0	17927.3	-23740.4	0	2.80674e+22	2.13823e+22	0	6.39e+23	2.04251e+11	1.06961e+11	0	-10982.1	21521.8	0	-1.46327e+21	-7.44605e+20	0	1.898e+27	-4.86435e+11	-6.01034e+11	0	10172.2	-8189.19	0	2.61906e+23	3.2459e+23	0	5.683e+26	-5.80461e+10	1.44553e+12	0	-9588.77	-300.969	0	1.49686e+21	-3.62223e+22	0	8.681e+25	2.42394e+12	1.5459e+12	0	-3660.64	5734.42	0	-1.18009e+21	-7.51127e+20	0	1.024e+26	4.30718e+12	1.28502e+12	0	-1558.37	5203.25	0	-6.46516e+20	-1.92282e+20	0	7.342e+22	-1.18196e+11	-8.60944e+10	0	17531.8	-24696.4	0	5.36778e+20	1.81157e+20	0	
10	1.9891e+30	1.50583e+09	4.30397e+09	0	-8.73739	20.1977	0	-2.03363e+23	-3.47299e+23	0	3.285e+23	-5.67204e+10	1.48428e+10	0	-8481.86	-46412.9	0	1.22554e+22	-2.22031e+21	0	4.867e+24	-8.92098e+10	-5.1928e+10	0	18531.3	-30068.2	0	4.82102e+22	2.98787e+22	0	5.972e+24	1.41577e+10	1.53397e+11	0	-29684.1	2537.25	0	-2.80766e+21	-3.52224e+22	0	6.39e+23	-1.92885e+11	1.20062e+11	0	-12389.5	-20832.3	0	1.42386e+21	-8.48038e+20	0	1.898e+27	-2.59468e+11	-7.27857e+11	0	12310.1	-4373.06	0	1.40026e+23	3.92853e+23	0	5.683e+26	-2.48732e+11	1.42681e+12	0	-9451.88	-1567.21	0	6.26614e+21	-3.56329e+22	0	8.681e+25	2.34804e+12	1.65882e+12	0	-3928.35	5554.99	0	-1.1435e+21	-8.06238e+20	0	1.024e+26	4.27475e+12	1.3887e+12	0	-1684.19	5164.18	0	-6.41748e+20	-2.07838e+20	0	7.342e+22	1.45229e+10	1.53517e+11	0	-30021.7	3493.44	0	-2.2593e+20	-4.94533e+20	0	
10	1.9891e+30	1.31952e+09	4.67022e+09	0	-9.71512	16.3584	0	-1.2515e+22	-4.47784e+23	0	3.285e+23	5.72185e+10	2.14395e+10	0	-13668.1	45882.7	0	-1.22647e+22	-3.67719e+21	0	4.867e+24	-6.99042e+10	-7.49491e+10	0	26218.8	-23623.6	0	3.775e+22	4.21929e+22	0	5.972e+24	1.03692e+11	-1.04437e+11	0	21700.3	20408.6	0	-2.43196e+22	2.56452e+22	0	6.39e+23	9.04076e+09	-2.21991e+11	0	24172.3	773.82	0	-5.61181e+19	1.64805e+21	0	1.898e+27	-3.26782e+09	-7.72667e+11	0	13067.9	-65.5049	0	2.46041e+21	4.16982e+23	0	5.683e+26	-4.35016e+11	1.38305e+12	0	-9149.36	-2801.73	0	1.0896e+22	-3.44237e+22	0	8.681e+25	2.26686e+12	1.76802e+12	0	-4187.34	5363.06	0	-1.10432e+21	-8.59599e+20	0	1.024e+26	4.23981e+12	1.49157e+12	0	-1809.03	5122.07	0	-6.36611e+20	-2.23287e+20	0	7.342e+22	1.03529e+11	-1.04782e+11	0	22621.9	19963.4	0	-2.10144e+20	4.99892e+20	0	
10	1.9891e+30	1.13196e+09	4.95921e+09	0	-9.10064	12.7288	0	5.37667e+22	-4.19905e+23	0	3.285e+23	-4.21976e+10	-3.51888e+10	0	32289.9	-34517.5	0	9.16888e+21	8.49281e+21	0	4.867e+24	-4.48544e+10	-9.16052e+10	0	31764.2	-15293	0	2.42882e+22	5.0991e+22	0	5.972e+24	-1.48508e+11	1.58351e+09	0	671.852	-29753.9	0	3.53311e+22	9.90388e+20	0	6.39e+23	1.90194e+11	1.31126e+11	0	-13440	20070.1	0	-1.36582e+21	-9.11507e+20	0	1.898e+27	2.53448e+11	-7.30426e+11	0	12361.3	4249.7	0	-1.35286e+23	3.94301e+23	0	5.683e+26	-6.13644e+11	1.31509e+12	0	-8687.51	-3983.19	0	1.53083e+22	-3.26232e+22	0	8.681e+25	2.18061e+12	1.87326e+12	0	-4437	5159.05	0	-1.06264e+21	-9.11105e+20	0	1.024e+26	4.20239e+12	1.59356e+12	0	-1932.84	5076.96	0	-6.31113e+20	-2.38625e+20	0	7.342e+22	-1.48599e+11	1.95463e+09	0	-311.854	-30020.6	0	4.82182e+20	-1.85925e+20	0	
10	1.9891e+30	9.67235e+08	5.17647e+09	0	-7.18891	9.22681	0	2.56929e+23	-3.11677e+23	0	3.285e+23	2.00299e+10	6.06088e+10	0	-44958.5	15808.1	0	-4.12913e+21	-1.20009e+22	0	4.867e+24	-1.60617e+10	-1.0056e+11	0	34737.5	-5760.36	0	8.96097e+21	5.56115e+22	0	5.972e+24	9.83512e+10	1.18758e+11	0	-22624.8	19393.2	0	-2.28802e+22	-2.69833e+22	0	6.39e+23	-2.05728e+11	9.70462e+10	0	-9836.66	-22167.1	0	1.51514e+21	-6.73493e+20	0	1.898e+27	4.81922e+11	-6.05866e+11	0	10270.7	8088.54	0	-2.57725e+23	3.2744e+23	0	5.683e+26	-7.81514e+11	1.22421e+12	0	-8075.29	-5091.43	0	1.94306e+22	-3.02693e+22	0	8.681e+25	2.08945e+12	1.9743e+12	0	-4676.79	4943.39	0	-1.01855e+21	-9.60655e+20	0	1.024e+26	4.16251e+12	1.69462e+12	0	-2055.54	5028.87	0	-6.25264e+20	-2.53843e+20	0	7.342e+22	9.86878e+10	1.18573e+11	0	-22124.8	20274.9	0	-4.5761e+20	-2.33853e+20	0	
10	1.9891e+30	8.51074e+08	5.33609e+09	0	-4.48192	6.74738	0	3.42787e+23	-3.00792e+23	0	3.285e+23	7.3321e+09	-5.30229e+10	0	47233.5	5587.27	0	-1.39398e+21	1.25713e+22	0	4.867e+24	1.41537e+10	-1.01084e+11	0	34916.6	4197.22	0	-6.96249e+21	5.57373e+22	0	5.972e+24	2.02018e+10	-1.4305e+11	0	29526.6	3876.88	0	-4.77499e+21	3.50708e+22	0	6.39e+23	3.52753e+10	-2.18914e+11	0	23909.1	3612.72	0	-2.49856e+20	1.62896e+21	0	1.898e+27	6.56593e+11	-4.12946e+11	0	7032.05	11021.5	0	-3.51155e+23	2.24e+23	0	5.683e+26	-9.35728e+11	1.11205e+12	0	-7324.06	-6107.75	0	2.31968e+22	-2.74076e+22	0	8.681e+25	1.9936e+12	2.07092e+12	0	-4906.15	4716.56	0	-9.72172e+20	-1.00816e+21	0	1.024e+26	4.12018e+12	1.7947e+12	0	-2177.06	4977.81	0	-6.1907e+20	-2.68928e+20	0	7.342e+22	1.98281e+10	-1.43119e+11	0	29729	2872.01	0	1.4434e+20	4.68057e+20	0	
10	1.9891e+30	8.00764e+08	5.45505e+09	0	-0.703618	5.46116	0	3.66957e+23	-9.00244e+22	0	3.285e+23	-3.27958e+10	5.39474e+10	0	-39078	-26722.7	0	7.13449e+21	-1.03012e+22	0	4.867e+24	4.33736e+10	-9.31386e+10	0	32309.2	13781.2	0	-2.22038e+22	5.14332e+22	0	5.972e+24	-1.22641e+11	9.00908e+10	0	-16835.6	-24558.5	0	2.92966e+22	-1.98507e+22	0	6.39e+23	1.73673e+11	1.52965e+11	0	-15703.7	18344.6	0	-1.24938e+21	-1.06625e+21	0	1.898e+27	7.57955e+11	-1.73258e+11	0	3009.07	12721.5	0	-4.05198e+23	9.56485e+22	0	5.683e+26	-1.07364e+12	9.80625e+11	0	-6447.44	-7015.18	0	2.65479e+22	-2.40909e+22	0	8.681e+25	1.89328e+12	2.16289e+12	0	-5124.58	4479.02	0	-9.23614e+20	-1.05351e+21	0	1.024e+26	4.07543e+12	1.89372e+12	0	-2297.34	4923.83	0	-6.12535e+20	-2.83864e+20	0	7.342e+22	-1.22429e+11	9.04142e+10	0	-17671.9	-23997.5	0	2.50811e+20	-4.10832e+20	0	
10	1.9891e+30	8.25057e+08	5.56108e+09	0	3.15658	5.25158	0	4.65939e+23	2.45427e+22	0	3.285e+23	5.16644e+10	-2.31777e+10	0	23393.3	41719.4	0	-1.113e+22	6.29411e+21	0	4.867e+24	6.92741e+10	-7.73555e+10	0	27143.9	22234.9	0	-3.55764e+22	4.31035e+22	0	5.972e+24	1.46212e+11	4.08254e+10	0	-7029.16	28957.7	0	-3.43956e+22	-8.55124e+21	0	6.39e+23	-2.15274e+11	7.22907e+10	0	-7134.72	-23180.6	0	1.58462e+21	-4.89321e+20	0	1.898e+27	7.74722e+11	8.6402e+10	0	-1347.65	13000.1	0	-4.13924e+23	-4.32276e+22	0	5.683e+26	-1.19289e+12	8.32268e+11	0	-5460.96	-7798.75	0	2.94322e+22	-2.03781e+22	0	8.681e+25	1.7887e+12	2.25001e+12	0	-5331.57	4231.3	0	-8.73006e+20	-1.09661e+21	0	1.024e+26	4.0283e+12	1.99163e+12	0	-2416.31	4866.94	0	-6.05654e+20	-2.98632e+20	0	7.342e+22	1.46263e+11	4.04508e+10	0	-6009.37	29102.5	0	-4.51516e+20	1.01174e+20	0	
10	1.9891e+30	9.27504e+08	5.68049e+09	0	6.78529	6.68898	0	3.63154e+23	1.30805e+23	0	3.285e+23	-5.82104e+10	7.89083e+09	0	-1776.55	-47154	0	1.24433e+22	-4.67051e+20	0	4.867e+24	8.9812e+10	-5.49914e+10	0	19847.6	28900.7	0	-4.60738e+22	3.14552e+22	0	5.972e+24	-7.00387e+10	-1.26083e+11	0	26236.9	-14102.1	0	1.66332e+22	3.12842e+22	0	6.39e+23	6.15949e+10	-2.13004e+11	0	23320.9	6406.52	0	-4.40191e+20	1.58721e+21	0	1.898e+27	7.05072e+11	3.37039e+11	0	-5551.46	11827.9	0	-3.76464e+23	-1.77144e+23	0	5.683e+26	-1.29146e+12	6.69587e+11	0	-4381.83	-8445.6	0	3.18063e+22	-1.63328e+22	0	8.681e+25	1.68009e+12	2.33208e+12	0	-5526.69	3973.91	0	-8.20472e+20	-1.13733e+21	0	1.024e+26	3.97879e+12	2.08838e+12	0	-2533.9	4807.19	0	-5.98413e+20	-3.1322e+20	0	7.342e+22	-7.03432e+10	-1.25844e+11	0	25612	-14888.8	0	3.60695e+20	2.62356e+20	0	
10	1.9891e+30	1.09817e+09	5.83719e+09	0	10.0907	9.18257	0	3.18272e+23	3.27686e+23	0	3.285e+23	5.39904e+10	3.05508e+10	0	-20111.1	43411.7	0	-1.15927e+22	-5.41431e+21	0	4.867e+24	1.03399e+11	-2.77809e+10	0	10996.8	33270.6	0	-5.29332e+22	1.73999e+22	0	5.972e+24	-4.96606e+10	1.46621e+11	0	-28008.5	-10096.7	0	1.22104e+22	-3.32794e+22	0	6.39e+23	1.55378e+11	1.7261e+11	0	-17751.1	16374.7	0	-1.1159e+21	-1.20622e+21	0	1.898e+27	5.56823e+11	5.50693e+11	0	-9133.68	9336.77	0	-2.9706e+23	-2.91229e+23	0	5.683e+26	-1.36767e+12	4.95426e+11	0	-3228.66	-8945.23	0	3.36348e+22	-1.20229e+22	0	8.681e+25	1.56771e+12	2.40891e+12	0	-5709.49	3707.44	0	-7.66106e+20	-1.17548e+21	0	1.024e+26	3.92695e+12	2.1839e+12	0	-2650.04	4744.6	0	-5.90803e+20	-3.27622e+20	0	7.342e+22	-4.92851e+10	1.46658e+11	0	-28097.9	-9067.85	0	-5.78347e+19	-4.30373e+20	0	
10	1.9891e+30	1.32122e+09	6.05622e+09	0	12.094	12.5727	0	2.30316e+23	3.56955e+23	0	3.285e+23	-3.58488e+10	-3.9798e+10	0	36929.6	-29583.9	0	7.88315e+21	9.72176e+21	0	4.867e+24	1.08962e+11	2.14984e+09	0	1288.97	35008.9	0	-5.56524e+22	2.02394e+21	0	5.972e+24	1.39915e+11	-5.02909e+10	0	11221.4	27619.3	0	-3.29445e+22	1.32002e+22	0	6.39e+23	-2.21174e+11	4.66788e+10	0	-4331.71	-23853.8	0	1.63138e+21	-2.97795e+20	0	1.898e+27	3.46554e+11	7.03545e+11	0	-11695.3	5804.82	0	-1.84561e+23	-3.72839e+23	0	5.683e+26	-1.42024e+12	3.12814e+11	0	-2021.15	-9289.56	0	3.48908e+22	-7.51945e+21	0	8.681e+25	1.4518e+12	2.48032e+12	0	-5879.55	3432.49	0	-7.09952e+20	-1.21091e+21	0	1.024e+26	3.8728e+12	2.27814e+12	0	-2764.66	4679.22	0	-5.82826e+20	-3.41844e+20	0	7.342e+22	1.3965e+11	-5.05731e+10	0	11957.6	26931.9	0	-2.69928e+20	3.07886e+20	0	
10	1.9891e+30	1.57547e+09	6.3508e+09	0	12.9736	16.7794	0	4.19351e+22	4.26153e+23	0	3.285e+23	1.24816e+10	6.40052e+10	0	-46693.6	9193.27	0	-2.35623e+21	-1.2445e+22	0	4.867e+24	1.06058e+11	3.24677e+10	0	-8520.77	33985.7	0	-5.40437e+22	-1.35041e+22	0	5.972e+24	-1.33003e+11	-5.91701e+10	0	13062	-26754.7	0	3.18057e+22	1.56943e+22	0	6.39e+23	8.75965e+10	-2.0371e+11	0	22405.6	9119.04	0	-6.23887e+20	1.52367e+21	0	1.898e+27	9.77527e+10	7.78554e+11	0	-12950.6	1625.69	0	-5.14497e+22	-4.12912e+23	0	5.683e+26	-1.44829e+12	1.24916e+11	0	-779.793	-9473.07	0	3.55562e+22	-2.89562e+21	0	8.681e+25	1.33262e+12	2.54615e+12	0	-6036.48	3149.7	0	-6.52049e+20	-1.24355e+21	0	1.024e+26	3.81637e+12	2.37105e+12	0	-2877.68	4611.08	0	-5.74499e+20	-3.5589e+20	0	7.342e+22	-1.33023e+11	-5.87929e+10	0	12030.3	-26784.3	0	4.03083e+20	-1.48848e+19	0	
10	1.9891e+30	1.83183e+09	6.7277e+09	0	12.5915	20.863	0	-5.97661e+22	4.58368e+23	0	3.285e+23	1.66092e+10	-5.00394e+10	0	46008.2	12329	0	-3.19081e+21	1.22657e+22	0	4.867e+24	9.4902e+10	6.0802e+10	0	-17667.1	30277.6	0	-4.82204e+22	-2.80107e+22	0	5.972e+24	4.28583e+10	1.50625e+11	0	-28640.1	8188.4	0	-9.57702e+21	-3.41966e+22	0	6.39e+23	1.35392e+11	1.90455e+11	0	-19557.8	14180.4	0	-9.66922e+20	-1.32973e+21	0	1.898e+27	-1.61788e+11	7.67357e+11	0	-12758.9	-2734.94	0	8.75122e+22	-4.06954e+23	0	5.683e+26	-1.45135e+12	-6.50169e+10	0	474.441	-9492.83	0	3.56216e+22	1.77414e+21	0	8.681e+25	1.21043e+12	2.60626e+12	0	-6179.88	2859.7	0	-5.92511e+20	-1.27341e+21	0	1.024e+26	3.7577e+12	2.46257e+12	0	-2989.05	4540.21	0	-5.65839e+20	-3.69756e+20	0	7.342e+22	4.31178e+10	1.50341e+11	0	-27894.5	8877.32	0	-2.54188e+20	-2.73322e+20	0	
10	1.9891e+30	2.0644e+09	7.18727e+09	0	10.565	24.7196	0	-2.03373e+23	3.70092e+23	0	3.285e+23	-3.81088e+10	5.04538e+10	0	-34828	-31976.1	0	8.5108e+21	-9.16905e+21	0	4.867e+24	7.63655e+10	8.49316e+10	0	-25433.2	24168.4	0	-3.86036e+22	-4.03857e+22	0	5.972e+24	8.16135e+10	-1.19533e+11	0	25238.7	15880	0	-1.90315e+22	2.99979e+22	0	6.39e+23	-2.23678e+11	2.10834e+10	0	-1477.53	-24188.7	0	1.65515e+21	-1.01758e+20	0	1.898e+27	-4.03054e+11	6.71197e+11	0	-11140.1	-6790.5	0	2.16872e+23	-3.55533e+23	0	5.683e+26	-1.42937e+12	-2.53703e+11	0	1720.4	-9348.53	0	3.50867e+22	6.41509e+21	0	8.681e+25	1.08551e+12	2.6605e+12	0	-6309.39	2563.15	0	-5.31519e+20	-1.3005e+21	0	1.024e+26	3.69682e+12	2.55264e+12	0	-3098.69	4466.66	0	-5.56859e+20	-3.83429e+20	0	7.342e+22	8.12339e+10	-1.1953e+11	0	25200.3	14852.4	0	-2.82591e+19	3.68419e+20	0	
10	1.9891e+30	2.24752e+09	7.71548e+09	0	7.58267	27.9278	0	-3.51795e+23	3.04706e+23	0	3.285e+23	5.6693e+10	-1.33369e+10	0	17149.3	44697.3	0	-1.1936e+22	4.61753e+21	0	4.867e+24	5.189e+10	1.02974e+11	0	-31203.8	16120.3	0	-2.58823e+22	-4.96548e+22	0	5.972e+24	-1.45266e+11	3.31071e+10	0	-5038.75	-29327	0	3.50281e+22	-5.87586e+21	0	6.39e+23	1.12403e+11	-1.90831e+11	0	21165.1	11702.4	0	-7.98299e+20	1.43887e+21	0	1.898e+27	-5.9904e+11	5.00813e+11	0	-8273.2	-10087.2	0	3.22168e+23	-2.64262e+23	0	5.683e+26	-1.38273e+12	-4.37879e+11	0	2937.09	-9042.5	0	3.39602e+22	1.09533e+22	0	8.681e+25	9.58149e+11	2.70875e+12	0	-6424.69	2260.68	0	-4.69261e+20	-1.32478e+21	0	1.024e+26	3.63377e+12	2.64121e+12	0	-3206.55	4390.45	0	-5.47566e+20	-3.96897e+20	0	7.342e+22	-1.4497e+11	3.33457e+10	0	-5685.55	-28528.4	0	2.72421e+20	-2.01688e+20	0	
10	1.9891e+30	2.35849e+09	8.29454e+09	0	3.70144	29.7592	0	-3.95283e+23	2.07092e+23	0	3.285e+23	-5.64982e+10	2.13339e+09	0	4944.64	-46905.9	0	1.23848e+22	1.2945e+21	0	4.867e+24	2.34023e+10	1.13492e+11	0	-34506.4	6760.26	0	-1.10161e+22	-5.5046e+22	0	5.972e+24	1.19714e+11	1.01089e+11	0	-18482	23403.9	0	-2.78026e+22	-2.21667e+22	0	6.39e+23	1.13313e+11	2.0642e+11	0	-21104.8	11787.4	0	-8.0398e+20	-1.43536e+21	0	1.898e+27	-7.27764e+11	2.75263e+11	0	-4477.17	-12254.8	0	3.91531e+23	-1.43228e+23	0	5.683e+26	-1.31222e+12	-6.14357e+11	0	4103.97	-8579.63	0	3.22602e+22	1.53168e+22	0	8.681e+25	8.28622e+11	2.75089e+12	0	-6525.52	1952.94	0	-4.05901e+20	-1.34618e+21	0	1.024e+26	3.56857e+12	2.72824e+12	0	-3312.57	4311.63	0	-5.37961e+20	-4.10145e+20	0	7.342e+22	1.19682e+11	1.00708e+11	0	-17465.5	23291.1	0	-3.26112e+20	-7.0861e+19	0	
10	1.9891e+30	2.38645e+09	8.90057e+09	0	-0.853989	30.4575	0	-4.44291e+23	1.55409e+22	0	3.285e+23	5.11607e+10	4.10371e+10	0	-26153.4	40061.2	0	-1.06749e+22	-7.03099e+21	0	4.867e+24	-6.85789e+09	1.15634e+11	0	-35063.4	-3179.21	0	4.85269e+21	-5.60839e+22	0	5.972e+24	-7.09697e+09	-1.40452e+11	0	29732.8	-1842.18	0	2.12191e+21	3.54957e+22	0	6.39e+23	-2.23396e+11	-4.10231e+09	0	1389.32	-24191.4	0	1.65553e+21	9.53249e+19	0	1.898e+27	-7.74747e+11	1.98154e+10	0	-176.371	-13048.4	0	4.17041e+23	-5.93331e+21	0	5.683e+26	-1.21903e+12	-7.80068e+11	0	5201.33	-7967.29	0	3.00147e+22	1.94361e+22	0	8.681e+25	6.97226e+11	2.78683e+12	0	-6611.65	1640.62	0	-3.41583e+20	-1.36461e+21	0	1.024e+26	3.50128e+12	2.81366e+12	0	-3416.67	4230.25	0	-5.28043e+20	-4.23162e+20	0	7.342e+22	-7.31716e+09	-1.40148e+11	0	28886.3	-2449.08	0	1.49752e+20	2.67944e+20	0	
10	1.9891e+30	2.32519e+09	9.50274e+09	0	-5.12652	29.6999	0	-4.73194e+23	-8.755e+22	0	3.285e+23	-2.79311e+10	-4.11238e+10	0	40789.5	-24019.3	0	6.43308e+21	1.07604e+22	0	4.867e+24	-3.64656e+10	1.09209e+11	0	-32805	-12903.6	0	2.04621e+22	-5.2609e+22	0	5.972e+24	-1.02602e+11	1.16239e+11	0	-21249	-20853.2	0	2.50021e+22	-2.52723e+22	0	6.39e+23	1.35127e+11	-1.74773e+11	0	19621.2	14110.5	0	-9.61376e+20	1.33389e+21	0	1.898e+27	-7.34669e+11	-2.36868e+11	0	4146.63	-12376.9	0	3.9568e+23	1.32188e+23	0	5.683e+26	-1.10475e+12	-9.32116e+11	0	6210.61	-7215.27	0	2.72615e+22	2.32433e+22	0	8.681e+25	5.64256e+11	2.81649e+12	0	-6682.86	1324.39	0	-2.76444e+20	-1.38001e+21	0	1.024e+26	3.43192e+12	2.89743e+12	0	-3518.81	4146.35	0	-5.17812e+20	-4.35937e+20	0	7.342e+22	-1.02223e+11	1.16174e+11	0	-21060.2	-19852.6	0	1.10853e+20	-2.78398e+20	0	
10	1.9891e+30	2.17884e+09	1.00752e+10	0	-9.10366	27.3638	0	-3.50609e+23	-2.19751e+23	0	3.285e+23	4.7036e+09	6.87569e+10	0	-47500.9	2412.11	0	-5.45466e+20	-1.26289e+22	0	4.867e+24	-6.30292e+10	9.47226e+10	0	-27892.4	-21622.9	0	3.45314e+22	-4.48336e+22	0	5.972e+24	1.51631e+11	1.67834e+10	0	-1351.27	29801.6	0	-3.55653e+22	-1.70244e+21	0	6.39e+23	8.90039e+10	2.19803e+11	0	-22365.6	9218.8	0	-6.2985e+20	-1.52124e+21	0	1.898e+27	-6.11988e+11	-4.65954e+11	0	8005.36	-10314.7	0	3.29751e+23	2.55515e+23	0	5.683e+26	-9.7131e+11	-1.06783e+12	0	7114.71	-6335.8	0	2.40452e+22	2.66669e+22	0	8.681e+25	4.30012e+11	2.83979e+12	0	-6738.97	1004.98	0	-2.1062e+20	-1.3923e+21	0	1.024e+26	3.36054e+12	2.9795e+12	0	-3618.92	4059.98	0	-5.07269e+20	-4.48462e+20	0	7.342e+22	1.51319e+11	1.65804e+10	0	-788.116	28912.9	0	-2.59974e+20	9.58854e+19	0	
10	1.9891e+30	1.96371e+09	1.0592e+10	0	-12.2601	24.1982	0	-3.11751e+23	-3.84182e+23	0	3.285e+23	2.47294e+10	-4.3407e+10	0	43783.5	18824	0	-4.93131e+21	1.17019e+22	0	4.867e+24	-8.43907e+10	7.33457e+10	0	-20704.7	-28619.2	0	4.58655e+22	-3.33364e+22	0	5.972e+24	-9.29731e+10	-1.05118e+11	0	23025.4	-18864.3	0	2.24976e+22	2.75477e+22	0	6.39e+23	-2.20697e+11	-2.91179e+10	0	4236.38	-23859.9	0	1.63248e+21	2.90916e+20	0	1.898e+27	-4.2047e+11	-6.41698e+11	0	10965.1	-7093.46	0	2.26694e+23	3.50061e+23	0	5.683e+26	-8.20969e+11	-1.1848e+12	0	7898.08	-5343.7	0	2.04057e+22	2.96322e+22	0	8.681e+25	2.94799e+11	2.85667e+12	0	-6779.86	683.095	0	-1.44249e+20	-1.40145e+21	0	1.024e+26	3.28718e+12	3.05982e+12	0	-3716.94	3971.19	0	-4.96415e+20	-4.6073e+20	0	7.342e+22	-9.28757e+10	-1.04746e+11	0	22041.5	-18601.4	0	2.27649e+20	1.46798e+20	0	
10	1.9891e+30	1.69827e+09	1.10324e+10	0	-13.9429	20.0373	0	-1.81615e+23	-3.74217e+23	0	3.285e+23	-4.42345e+10	4.81928e+10	0	-29916.7	-36592.7	0	9.71117e+21	-7.85918e+21	0	4.867e+24	-9.88005e+10	4.6823e+10	0	-11822.5	-33307.5	0	5.34792e+22	-1.90506e+22	0	5.972e+24	-2.11281e+10	1.58924e+11	0	-29463.6	-4520.49	0	5.50424e+21	-3.51742e+22	0	6.39e+23	1.55323e+11	-1.56365e+11	0	17811.3	16311.1	0	-1.11115e+21	1.21056e+21	0	1.898e+27	-1.81624e+11	-7.44366e+11	0	12693.4	-3076.4	0	9.82531e+22	4.05134e+23	0	5.683e+26	-6.56287e+11	-1.28094e+12	0	8546.44	-4256.14	0	1.63804e+22	3.20858e+22	0	8.681e+25	1.5892e+11	2.8671e+12	0	-6805.41	359.471	0	-7.74717e+19	-1.4074e+21	0	1.024e+26	3.21188e+12	3.13833e+12	0	-3812.81	3880.02	0	-4.85254e+20	-4.72737e+20	0	7.342e+22	-2.09427e+10	1.58602e+11	0	-28540.7	-4009.82	0	-3.91618e+19	-2.48676e+20	0	
10	1.9891e+30	1.40994e+09	1.13873e+10	0	-14.5277	15.4677	0	1.56499e+22	-4.64452e+23	0	3.285e+23	5.83163e+10	-1.53608e+09	0	10511.5	46704.3	0	-1.24876e+22	2.838e+21	0	4.867e+24	-1.05079e+11	1.72948e+10	0	-1965.21	-35297.9	0	5.67139e+22	-3.151e+21	0	5.972e+24	1.26612e+11	-7.0526e+10	0	16295.6	24958.7	0	-2.98242e+22	1.94551e+22	0	6.39e+23	6.29413e+10	2.29805e+11	0	-23305.7	6509.35	0	-4.46744e+20	-1.58576e+21	0	1.898e+27	7.77374e+10	-7.62457e+11	0	12997.8	1283.9	0	-4.09757e+22	4.14616e+23	0	5.683e+26	-4.80095e+11	-1.35453e+12	0	9047.22	-3091.64	0	1.20325e+22	3.40006e+22	0	8.681e+25	2.2685e+10	2.87104e+12	0	-6815.54	34.8448	0	-1.04328e+19	-1.41014e+21	0	1.024e+26	3.13468e+12	3.215e+12	0	-3906.48	3786.54	0	-4.73794e+20	-4.8448e+20	0	7.342e+22	1.26251e+11	-7.03995e+10	0	15961.2	23989.7	0	-1.77796e+20	1.73842e+20	0	
10	1.9891e+30	1.1288e+09	1.16526e+10	0	-13.5315	11.3028	0	6.471e+22	-4.36829e+23	0	3.285e+23	-5.62578e+10	-2.75738e+09	0	11554.6	-45752.5	0	1.20821e+22	3.03172e+21	0	4.867e+24	-1.02696e+11	-1.28085e+10	0	8054.92	-34418.9	0	5.52735e+22	1.30174e+22	0	5.972e+24	-1.4352e+11	-2.68615e+10	0	7653.08	-28774.1	0	3.43804e+22	9.19424e+21	0	6.39e+23	-2.15254e+11	-5.42289e+10	0	7031.24	-23200.2	0	1.5863e+21	4.82821e+20	0	1.898e+27	3.2855e+11	-6.93989e+11	0	11847.1	5497.76	0	-1.75307e+23	3.77642e+23	0	5.683e+26	-2.95449e+11	-1.40422e+12	0	9390.53	-1869.66	0	7.44446e+21	3.53467e+22	0	8.681e+25	-1.13598e+11	2.86849e+12	0	-6810.21	-290.039	0	5.67223e+19	-1.40964e+21	0	1.024e+26	3.05563e+12	3.28978e+12	0	-3997.87	3690.79	0	-4.62041e+20	-4.95957e+20	0	7.342e+22	-1.43184e+11	-2.66954e+10	0	7203.99	-27826.5	0	2.35285e+20	1.96601e+19	0	
10	1.9891e+30	8.79433e+08	1.18354e+10	0	-11.133	7.36622	0	2.65145e+23	-3.21465e+23	0	3.285e+23	4.45113e+10	5.07211e+10	0	-31637.1	35832.6	0	-9.5323e+21	-8.49269e+21	0	4.867e+24	-9.18421e+10	-4.10068e+10	0	17411.5	-30744.6	0	4.92886e+22	2.80843e+22	0	5.972e+24	6.8755e+10	1.4518e+11	0	-26566.9	13531.8	0	-1.61465e+22	-3.17461e+22	0	6.39e+23	1.73159e+11	-1.36352e+11	0	15767.6	18284.1	0	-1.24518e+21	1.07104e+21	0	1.898e+27	5.42767e+11	-5.46678e+11	0	9373.28	9094.23	0	-2.89765e+23	2.98574e+23	0	5.683e+26	-1.05571e+11	-1.42907e+12	0	9569.35	-610.821	0	2.69835e+21	3.60905e+22	0	8.681e+25	-2.4962e+11	2.85945e+12	0	-6789.4	-614.435	0	1.23847e+20	-1.4059e+21	0	1.024e+26	2.97478e+12	3.36262e+12	0	-4086.94	3592.82	0	-4.50007e+20	-5.07166e+20	0	7.342e+22	6.86036e+10	1.44833e+11	0	-25611.8	13127.8	0	-1.16935e+20	-2.02999e+20	0	
10	1.9891e+30	6.88177e+08	1.19531e+10	0	-7.96015	4.56749	0	3.43092e+23	-3.04875e+23	0	3.285e+23	-2.20352e+10	-4.24146e+10	0	43841.7	-17990.9	0	4.84523e+21	1.15873e+22	0	4.867e+24	-7.3411e+10	-6.49793e+10	0	25337.7	-24585.6	0	3.9289e+22	4.07844e+22	0	5.972e+24	5.44428e+10	-1.27693e+11	0	27799.9	10716.6	0	-1.27944e+22	3.32325e+22	0	6.39e+23	3.60434e+10	2.36054e+11	0	-23906.7	3706.73	0	-2.56789e+20	-1.62803e+21	0	1.898e+27	6.96491e+11	-3.37027e+11	0	5854.94	11673.4	0	-3.71725e+23	1.8639e+23	0	5.683e+26	8.62005e+10	-1.42855e+12	0	9579.55	663.21	0	-2.12437e+21	3.62066e+22	0	8.681e+25	-3.85071e+11	2.84392e+12	0	-6753.15	-937.598	0	1.90795e+20	-1.39894e+21	0	1.024e+26	2.89217e+12	3.43348e+12	0	-4173.64	3492.7	0	-4.37704e+20	-5.18104e+20	0	7.342e+22	5.42987e+10	-1.27343e+11	0	26835.6	10335	0	-7.96205e+19	2.19604e+20	0	
10	1.9891e+30	5.72002e+08	1.20256e+10	0	-3.82733	3.11024	0	3.56907e+23	-1.12852e+23	0	3.285e+23	-5.33801e+09	7.05236e+10	0	-47299.5	-4432.74	0	1.26605e+21	-1.25513e+22	0	4.867e+24	-4.89231e+10	-8.27643e+10	0	31192.6	-16461.3	0	2.6157e+22	5.00845e+22	0	5.972e+24	-1.39333e+11	6.52181e+10	0	-10596.3	-27842	0	3.32639e+22	-1.26746e+22	0	6.39e+23	-2.06471e+11	-7.9056e+10	0	9737.58	-22212.4	0	1.51777e+21	6.67607e+20	0	1.898e+27	7.72607e+11	-8.84589e+10	0	1685.4	12949.8	0	-4.12228e+23	5.36209e+22	0	5.683e+26	2.76478e+11	-1.40259e+12	0	9419.91	1930.07	0	-6.93967e+21	3.56817e+22	0	8.681e+25	-5.19644e+11	2.82196e+12	0	-6701.52	-1258.79	0	2.57419e+20	-1.38878e+21	0	1.024e+26	2.80785e+12	3.50231e+12	0	-4257.9	3390.46	0	-4.25143e+20	-5.28764e+20	0	7.342e+22	-1.39001e+11	6.50454e+10	0	-10125.5	-26904.3	0	2.2336e+20	-5.87455e+19	0	
10	1.9891e+30	5.37743e+08	1.2081e+10	0	0.409948	2.72896	0	4.47451e+23	1.77961e+21	0	3.285e+23	3.0821e+10	-3.80272e+10	0	40678	24922.1	0	-6.57832e+21	1.08889e+22	0	4.867e+24	-2.0351e+10	-9.29372e+10	0	34517.8	-7037.64	0	1.09983e+22	5.52707e+22	0	5.972e+24	1.33529e+11	8.06128e+10	0	-13647.6	26498.7	0	-3.16735e+22	-1.62847e+22	0	6.39e+23	1.89084e+11	-1.14857e+11	0	13511.5	20006.8	0	-1.36185e+21	9.17104e+20	0	1.898e+27	7.62655e+11	1.71306e+11	0	-2671.08	12782.7	0	-4.06886e+23	-8.50331e+22	0	5.683e+26	4.61876e+11	-1.35155e+12	0	9092.2	3167.14	0	-1.16611e+22	3.4515e+22	0	8.681e+25	-6.5303e+11	2.79359e+12	0	-6634.58	-1577.27	0	3.23574e+20	-1.37544e+21	0	1.024e+26	2.72187e+12	3.56908e+12	0	-4339.69	3286.17	0	-4.12337e+20	-5.39133e+20	0	7.342e+22	1.33165e+11	8.04944e+10	0	-13336.3	25521.4	0	-1.99121e+20	-1.39024e+20	0	
10	1.9891e+30	5.88453e+08	1.21474e+10	0	4.31636	4.02454	0	3.57698e+23	1.00861e+23	0	3.285e+23	-5.01732e+10	4.24479e+10	0	-24365.6	-40469.4	0	1.07135e+22	-6.39733e+21	0	4.867e+24	9.98843e+09	-9.46683e+10	0	35061.8	2913.48	0	-4.92205e+21	5.59773e+22	0	5.972e+24	-3.7356e+10	-1.32621e+11	0	28826.3	-7546.96	0	9.08633e+21	3.44218e+22	0	6.39e+23	9.22144e+09	2.38791e+11	0	-24171.2	859.957	0	-6.26299e+19	-1.64779e+21	0	1.898e+27	6.67753e+11	4.13315e+11	0	-6730.15	11190.9	0	-3.56303e+23	-2.14267e+23	0	5.683e+26	6.39077e+11	-1.27625e+12	0	8601.26	4352.03	0	-1.62014e+22	3.27191e+22	0	8.681e+25	-7.84926e+11	2.75889e+12	0	-6552.47	-1892.32	0	3.8911e+20	-1.35898e+21	0	1.024e+26	2.63428e+12	3.63374e+12	0	-4418.96	3179.88	0	-3.99289e+20	-5.49194e+20	0	7.342e+22	-3.71646e+10	-1.32303e+11	0	27913.8	-7015.21	0	1.20841e+18	2.41341e+20	0	
10	1.9891e+30	7.12995e+08	1.22491e+10	0	7.8113	6.43215	0	2.98327e+23	2.67196e+23	0	3.285e+23	5.88837e+10	7.72763e+09	0	3691.06	47732.6	0	-1.27714e+22	9.94837e+20	0	4.867e+24	3.96538e+10	-8.78165e+10	0	32804.9	12593.8	0	-2.03193e+22	5.22264e+22	0	5.972e+24	-8.1787e+10	1.37126e+11	0	-24855.6	-16405.9	0	1.95543e+22	-2.97219e+22	0	6.39e+23	-1.94115e+11	-1.02723e+11	0	12306.5	-20898.2	0	1.42763e+21	8.42443e+20	0	1.898e+27	4.98461e+11	6.10587e+11	0	-10040.1	8350.63	0	-2.66008e+23	-3.19786e+23	0	5.683e+26	8.0489e+11	-1.17796e+12	0	7954.99	5463	0	-2.04744e+22	3.03192e+22	0	8.681e+25	-9.15029e+11	2.71792e+12	0	-6455.34	-2203.22	0	4.53874e+20	-1.33944e+21	0	1.024e+26	2.54513e+12	3.69626e+12	0	-4495.65	3071.66	0	-3.85998e+20	-5.58925e+20	0	7.342e+22	-8.16981e+10	1.36751e+11	0	-23864.8	-16166.5	0	1.95833e+20	-1.72466e+20	0	
10	1.9891e+30	8.93639e+08	1.24098e+10	0	10.0478	9.60291	0	2.29529e+23	3.09214e+23	0	3.285e+23	-5.38648e+10	-9.95742e+09	0	17975.9	-43656.2	0	1.15394e+22	4.71139e+21	0	4.867e+24	6.62709e+10	-7.29311e+10	0	27948.1	21236.6	0	-3.39943e+22	4.43823e+22	0	5.972e+24	1.48861e+11	-9.69209e+09	0	4417.4	29485.7	0	-3.5206e+22	5.35407e+21	0	6.39e+23	2.03091e+11	-9.1491e+10	0	11069.4	21461.9	0	-1.45997e+21	7.50379e+20	0	1.898e+27	2.73636e+11	7.41091e+11	0	-12231.1	4576.55	0	-1.45899e+23	-3.89826e+23	0	5.683e+26	9.56312e+11	-1.05836e+12	0	7164.27	6479.41	0	-2.4397e+22	2.73534e+22	0	8.681e+25	-1.04304e+12	2.67079e+12	0	-6343.41	-2509.27	0	5.17692e+20	-1.3169e+21	0	1.024e+26	2.45447e+12	3.7566e+12	0	-4569.72	2961.57	0	-3.72455e+20	-5.68318e+20	0	7.342e+22	1.48553e+11	-9.48315e+09	0	3833.5	28608.3	0	-2.57734e+20	-5.47697e+19	0	
10	1.9891e+30	1.10989e+09	1.26428e+10	0	11.09	13.5934	0	6.22603e+22	3.49917e+23	0	3.285e+23	3.86862e+10	5.74635e+10	0	-36415	30891.5	0	-8.19165e+21	-9.76763e+21	0	4.867e+24	8.77248e+10	-5.1204e+10	0	20894.5	28169.1	0	-4.49154e+22	3.31139e+22	0	5.972e+24	-1.14251e+11	-8.27211e+10	0	18990.1	-22947.8	0	2.74729e+22	2.25766e+22	0	6.39e+23	-1.70835e+10	2.38634e+11	0	-24106.6	-1993.03	0	1.32415e+20	-1.64469e+21	0	1.898e+27	1.83556e+10	7.90207e+11	0	-13056.5	288.186	0	-9.22898e+21	-4.16449e+23	0	5.683e+26	1.09059e+12	-9.1954e+11	0	6242.82	7382.22	0	-2.78918e+22	2.38721e+22	0	8.681e+25	-1.16867e+12	2.61759e+12	0	-6216.89	-2809.78	0	5.80366e+20	-1.29137e+21	0	1.024e+26	2.36236e+12	3.81471e+12	0	-4641.12	2849.68	0	-3.5866e+20	-5.77376e+20	0	7.342e+22	-1.13871e+11	-8.26645e+10	0	18824.4	-21941.6	0	1.40488e+20	2.49748e+20	0	
10	1.9891e+30	1.33239e+09	1.29536e+10	0	10.9202	17.445	0	-4.89533e+22	3.81708e+23	0	3.285e+23	-1.33954e+10	-4.40434e+10	0	46025.8	-11539.6	0	3.1501e+21	1.2183e+22	0	4.867e+24	1.0234e+11	-2.4344e+10	0	12202.8	32859.4	0	-5.22779e+22	1.93083e+22	0	5.972e+24	7.3149e+09	1.62474e+11	0	-29761.2	1222.91	0	-1.54296e+21	-3.5541e+22	0	6.39e+23	-1.78549e+11	-1.24336e+11	0	14691.2	-19279.6	0	1.31692e+21	1.00516e+21	0	1.898e+27	-2.38846e+11	7.52379e+11	0	-12420.8	-4035.76	0	1.2879e+23	-3.9648e+23	0	5.683e+26	1.20526e+12	-7.63944e+11	0	5206.95	8154.34	0	-3.08884e+22	1.99373e+22	0	8.681e+25	-1.29162e+12	2.55844e+12	0	-6076.09	-3104.07	0	6.4169e+20	-1.26284e+21	0	1.024e+26	2.26884e+12	3.87057e+12	0	-4709.81	2736.06	0	-3.44623e+20	-5.8611e+20	0	7.342e+22	7.08844e+09	1.62174e+11	0	-28927.3	595.729	0	1.08572e+20	-2.7113e+20	0	
10	1.9891e+30	1.53526e+09	1.3341e+10	0	9.19154	20.9018	0	-1.39974e+23	3.00736e+23	0	3.285e+23	-1.26866e+10	7.04523e+10	0	-46118.9	-11123.2	0	3.04012e+21	-1.22168e+22	0	4.867e+24	1.08962e+11	5.533e+09	0	2560.88	34947.9	0	-5.55452e+22	4.0411e+21	0	5.972e+24	1.08695e+11	-9.10699e+10	0	20807.1	21363.6	0	-2.53787e+22	2.49182e+22	0	6.39e+23	2.14541e+11	-6.60999e+10	0	8466.62	22625.7	0	-1.53794e+21	5.73641e+20	0	1.898e+27	-4.69154e+11	6.31781e+11	0	-10392.1	-7910.44	0	2.52651e+23	-3.31951e+23	0	5.683e+26	1.29823e+12	-5.94337e+11	0	4075.29	8781.03	0	-3.33258e+22	1.56209e+22	0	8.681e+25	-1.41162e+12	2.49347e+12	0	-5921.33	-3391.44	0	7.01507e+20	-1.23126e+21	0	1.024e+26	2.17398e+12	3.92414e+12	0	-4775.73	2620.75	0	-3.30362e+20	-5.94525e+20	0	7.342e+22	1.08671e+11	-9.06888e+10	0	19786.3	21273.6	0	-3.00914e+20	1.04161e+20	0	
10	1.9891e+30	1.69572e+09	1.37907e+10	0	6.56	23.7968	0	-2.87079e+23	2.21661e+23	0	3.285e+23	3.88633e+10	-3.13834e+10	0	36709.5	30558.4	0	-8.09494e+21	9.84199e+21	0	4.867e+24	1.07061e+11	3.60984e+10	0	-7282.61	34280.2	0	-5.44951e+22	-1.15334e+22	0	5.972e+24	-1.47653e+11	3.73546e+09	0	1998.44	-29694.8	0	3.54566e+22	2.24578e+21	0	6.39e+23	-4.3057e+10	2.35985e+11	0	-23711.2	-4820.02	0	3.25817e+20	-1.61867e+21	0	1.898e+27	-6.46715e+11	4.41887e+11	0	-7195.63	-10899.5	0	3.48315e+23	-2.29963e+23	0	5.683e+26	1.36777e+12	-4.13753e+11	0	2868.45	9250.29	0	-3.51537e+22	1.1004e+22	0	8.681e+25	-1.52838e+12	2.42283e+12	0	-5752.97	-3671.18	0	7.59745e+20	-1.19667e+21	0	1.024e+26	2.07783e+12	3.97539e+12	0	-4838.84	2503.84	0	-3.15896e+20	-6.02619e+20	0	7.342e+22	-1.47363e+11	3.49025e+09	0	2664.53	-28910.3	0	2.80832e+20	1.60879e+20	0	
10	1.9891e+30	1.79225e+09	1.42845e+10	0	3.18848	25.2914	0	-3.10441e+23	1.55678e+23	0	3.285e+23	-5.27696e+10	3.71131e+10	0	-18350.4	-43483.8	0	1.14995e+22	-4.81355e+21	0	4.867e+24	9.67725e+10	6.4947e+10	0	-16560	30904.4	0	-4.91983e+22	-2.62373e+22	0	5.972e+24	9.39847e+10	1.32124e+11	0	-23455.5	18399.3	0	-2.20282e+22	-2.789e+22	0	6.39e+23	-1.60567e+11	-1.43422e+11	0	16858.8	-17395.2	0	1.1876e+21	1.15374e+21	0	1.898e+27	-7.51559e+11	2.03989e+11	0	-3189.36	-12665.1	0	4.04864e+23	-1.01949e+23	0	5.683e+26	1.41261e+12	-2.25436e+11	0	1608.59	9553.06	0	-3.63341e+22	6.17453e+21	0	8.681e+25	-1.64165e+12	2.34668e+12	0	-5571.38	-3942.61	0	8.16345e+20	-1.15919e+21	0	1.024e+26	1.98045e+12	4.02429e+12	0	-4899.11	2385.38	0	-3.01238e+20	-6.10382e+20	0	7.342e+22	9.36057e+10	1.32129e+11	0	-23439.8	17368.8	0	-6.47442e+19	-3.47314e+20	0	
10	1.9891e+30	1.81609e+09	1.47987e+10	0	-0.753865	25.6245	0	-3.18929e+23	-3.29705e+22	0	3.285e+23	6.00254e+10	1.87729e+10	0	-3239.05	47785.2	0	-1.27812e+22	-8.70495e+20	0	4.867e+24	7.89007e+10	8.98043e+10	0	-24544.1	25077.9	0	-4.00338e+22	-3.89485e+22	0	5.972e+24	2.77847e+10	-1.32572e+11	0	29340	5193.72	0	-6.00648e+21	3.50107e+22	0	6.39e+23	2.22683e+11	-3.91267e+10	0	5737.27	23467	0	-1.59434e+21	3.8928e+20	0	1.898e+27	-7.71885e+11	-5.51901e+10	0	1176.03	-13007.3	0	4.15816e+23	3.76139e+22	0	5.683e+26	1.43192e+12	-3.27799e+10	0	318.956	9683.48	0	-3.68423e+22	1.22547e+21	0	8.681e+25	-1.75115e+12	2.26519e+12	0	-5376.95	-4205.09	0	8.71201e+20	-1.11899e+21	0	1.024e+26	1.88189e+12	4.0708e+12	0	-4956.5	2265.43	0	-2.86396e+20	-6.17803e+20	0	7.342e+22	2.80508e+10	-1.32295e+11	0	28609.7	5900.36	0	-2.13898e+20	2.86902e+20	0	
10	1.9891e+30	1.7649e+09	1.53041e+10	0	-4.27226	24.7222	0	-3.57949e+23	-1.04593e+23	0	3.285e+23	-4.92586e+10	-1.45674e+10	0	24002.8	-40658.4	0	1.07667e+22	6.30103e+21	0	4.867e+24	5.48497e+10	1.08708e+11	0	-30602.5	17243	0	-2.76628e+22	-4.86652e+22	0	5.972e+24	-1.2534e+11	9.4341e+10	0	-15745.1	-25260.8	0	3.0035e+22	-1.88944e+22	0	6.39e+23	-6.89408e+10	2.30575e+11	0	-22990.8	-7589.22	0	5.15477e+20	-1.56987e+21	0	1.898e+27	-7.05405e+11	-3.06518e+11	0	5408.71	-11887.5	0	3.79923e+23	1.72894e+23	0	5.683e+26	1.42533e+12	1.60737e+11	0	-976.552	9639.03	0	-3.66675e+22	-3.74728e+21	0	8.681e+25	-1.85664e+12	2.17854e+12	0	-5170.1	-4458.02	0	9.24168e+20	-1.07621e+21	0	1.024e+26	1.78221e+12	4.1149e+12	0	-5010.97	2144.07	0	-2.71376e+20	-6.24871e+20	0	7.342e+22	-1.25369e+11	9.39649e+10	0	-14712.1	-25313.3	0	3.86407e+20	-2.43737e+19	0	
10	1.9891e+30	1.64389e+09	1.57771e+10	0	-7.38816	22.3096	0	-2.13126e+23	-2.04123e+23	0	3.285e+23	3.23786e+10	6.55949e+10	0	-40462.6	25320.5	0	-6.68435e+21	-1.08307e+22	0	4.867e+24	2.65239e+10	1.20151e+11	0	-34242.8	8009.82	0	-1.30168e+22	-5.45902e+22	0	5.972e+24	1.45305e+11	5.75127e+10	0	-8309.54	28641.4	0	-3.41488e+22	-9.73582e+21	0	6.39e+23	-1.40902e+11	-1.60096e+11	0	18788.5	-15279.2	0	1.04203e+21	1.28567e+21	0	1.898e+27	-5.59613e+11	-5.21754e+11	0	9032.22	-9432.69	0	3.01317e+23	2.88573e+23	0	5.683e+26	1.39297e+12	3.51621e+11	0	-2253.93	9420.58	0	-3.58135e+22	-8.64726e+21	0	8.681e+25	-1.95788e+12	2.08694e+12	0	-4951.28	-4700.8	0	9.75089e+20	-1.03096e+21	0	1.024e+26	1.68147e+12	4.15655e+12	0	-5062.5	2021.36	0	-2.56183e+20	-6.31574e+20	0	7.342e+22	1.45047e+11	5.7801e+10	0	-9061.59	27970.3	0	-2.88604e+20	-2.68638e+20	0	
